Delay,Loss,Variant,Mean,Stdev
10,0.1,reno,214943197.68421054,37131211.86607581
